Model,Accuracy,Precision,Recall,F1 Score,CV F1 (mean),Train Time (s),Predict Time (s),estimator,y_pred,y_proba,ROC AUC
Gradient Boosting,0.8755980861244019,0.879551502417572,0.8755980861244019,0.8754417188599232,0.8372480885716886,0.8581024509994677,0.002815563000694965,"GradientBoostingClassifier(n_estimators=150, random_state=42)","[2 2 2 1 0 2 0 2 0 1 0 2 2 1 1 2 1 0 1 2 2 1 0 2 0 2 2 0 2 2 1 2 2 0 2 2 1
 2 2 0 2 0 1 2 2 2 0 0 0 1 2 2 1 1 2 0 2 1 0 2 1 2 2 2 1 0 2 2 1 1 2 2 2 0
 2 2 0 2 0 2 2 2 2 1 1 2 0 1 0 1 2 2 0 2 2 0 1 0 2 0 2 2 2 1 2 2 2 1 2 2 2
 2 2 0 0 2 0 2 2 2 2 1 2 2 2 2 2 1 0 2 2 2 0 0 2 1 2 2 1 2 2 2 0 2 0 0 2 0
 2 0 1 2 2 1 2 1 2 2 2 1 1 0 1 2 2 2 1 0 0 1 2 0 0 2 2 0 0 0 1 2 2 2 2 0 0
 2 2 1 1 1 2 2 1 1 2 2 0 0 2 0 2 2 0 2 2 0 2 2 2]","[[1.46553583e-01 1.19337040e-03 8.52253047e-01]
 [1.20186519e-02 3.33501848e-04 9.87647846e-01]
 [1.42319894e-03 4.09938572e-02 9.57582944e-01]
 [5.18134446e-04 9.16999857e-01 8.24820090e-02]
 [9.56454517e-01 1.32092868e-03 4.22245540e-02]
 [1.36895660e-01 1.91533184e-03 8.61189008e-01]
 [8.02693148e-01 7.38569923e-04 1.96568282e-01]
 [3.69437777e-01 6.35653171e-04 6.29926570e-01]
 [9.31755257e-01 1.90405696e-03 6.63406862e-02]
 [1.01463456e-03 9.64521245e-01 3.44641203e-02]
 [9.35987023e-01 2.23631759e-03 6.17766592e-02]
 [1.19100444e-02 1.12439496e-03 9.86965561e-01]
 [1.05936817e-02 7.23692635e-02 9.17037055e-01]
 [1.21616338e-04 9.87914854e-01 1.19635300e-02]
 [2.62857969e-04 9.55911643e-01 4.38254992e-02]
 [2.19317391e-01 4.78762102e-03 7.75894988e-01]
 [7.57821156e-05 9.97606212e-01 2.31800600e-03]
 [9.97219485e-01 4.06793943e-04 2.37372076e-03]
 [1.08194903e-03 9.83421963e-01 1.54960880e-02]
 [6.71829163e-02 3.16025983e-03 9.29656824e-01]
 [1.45809911e-03 2.98967600e-01 6.99574301e-01]
 [5.48100876e-04 9.98594222e-01 8.57676743e-04]
 [9.82274835e-01 3.45727233e-04 1.73794373e-02]
 [3.20704077e-01 3.35179972e-03 6.75944123e-01]
 [9.93222933e-01 3.59544315e-04 6.41752277e-03]
 [9.77486407e-04 4.33818685e-01 5.65203828e-01]
 [5.52498846e-03 4.05624001e-03 9.90418772e-01]
 [7.47583274e-01 2.46861516e-03 2.49948110e-01]
 [8.44288912e-03 1.74266175e-01 8.17290936e-01]
 [2.70341308e-03 1.30036912e-03 9.95996218e-01]
 [1.46893522e-04 9.97917615e-01 1.93549119e-03]
 [4.07403583e-03 2.54486366e-01 7.41439598e-01]
 [2.90966182e-01 9.25001525e-04 7.08108816e-01]
 [5.31176780e-01 4.65956539e-03 4.64163655e-01]
 [3.86962968e-04 3.35212179e-02 9.66091819e-01]
 [6.51528451e-03 6.88546839e-02 9.24630032e-01]
 [8.02264266e-05 9.97258827e-01 2.66094697e-03]
 [8.37910966e-03 5.81789372e-02 9.33441953e-01]
 [4.04916120e-01 3.95013961e-03 5.91133741e-01]
 [9.95609850e-01 3.87997055e-04 4.00215296e-03]
 [1.93054639e-03 1.77086623e-01 8.20982830e-01]
 [9.95560883e-01 2.29582011e-04 4.20953471e-03]
 [2.51308124e-03 8.02423152e-01 1.95063766e-01]
 [2.73106009e-01 2.40780898e-02 7.02815902e-01]
 [6.71347150e-03 1.27512389e-03 9.92011405e-01]
 [2.26745448e-01 6.21440395e-04 7.72633112e-01]
 [9.99788213e-01 2.00208471e-05 1.91766289e-04]
 [9.95913719e-01 3.44181726e-04 3.74209954e-03]
 [9.09153616e-01 1.68091811e-04 9.06782923e-02]
 [1.59209920e-03 9.78516406e-01 1.98914947e-02]
 [3.68282311e-04 3.93719292e-03 9.95694525e-01]
 [6.45864196e-03 8.54307066e-02 9.08110651e-01]
 [8.17974670e-04 5.86506667e-01 4.12675358e-01]
 [3.13901811e-04 9.97406120e-01 2.27997869e-03]
 [9.07034902e-03 1.24005464e-03 9.89689596e-01]
 [6.75345525e-01 2.47768629e-03 3.22176789e-01]
 [4.10732446e-02 4.06880421e-04 9.58519875e-01]
 [5.76269720e-04 9.97193023e-01 2.23070710e-03]
 [9.99412087e-01 3.74449485e-05 5.50468082e-04]
 [8.83791641e-02 6.83156263e-04 9.10937680e-01]
 [8.71498796e-05 9.99083217e-01 8.29632752e-04]
 [6.33417235e-03 2.41907671e-03 9.91246751e-01]
 [5.23056966e-03 6.53819562e-03 9.88231235e-01]
 [3.92728975e-02 3.91456163e-03 9.56812541e-01]
 [1.09966548e-03 8.71713482e-01 1.27186852e-01]
 [9.55599246e-01 1.20421072e-04 4.42803327e-02]
 [1.06076684e-02 1.46349341e-03 9.87928838e-01]
 [1.56938746e-03 2.16829564e-02 9.76747656e-01]
 [1.97193791e-03 7.96588656e-01 2.01439406e-01]
 [4.80220403e-04 9.94166962e-01 5.35281770e-03]
 [3.31839558e-01 1.42097443e-03 6.66739468e-01]
 [2.68601718e-03 2.52013698e-01 7.45300285e-01]
 [1.23213882e-03 9.11677568e-02 9.07600104e-01]
 [9.98396257e-01 6.41232726e-05 1.53962003e-03]
 [5.33155124e-04 5.46803141e-02 9.44786531e-01]
 [2.58353411e-01 1.87655070e-03 7.39770039e-01]
 [9.89659859e-01 1.34658436e-03 8.99355699e-03]
 [1.41486725e-01 8.94100386e-04 8.57619175e-01]
 [9.29167506e-01 1.10566055e-04 7.07219281e-02]
 [5.36851369e-03 4.05691874e-01 5.88939613e-01]
 [2.89931876e-01 3.13259868e-03 7.06935526e-01]
 [5.91420202e-03 3.84846912e-03 9.90237329e-01]
 [5.16176688e-03 3.14721170e-03 9.91691021e-01]
 [1.58519862e-03 7.59876643e-01 2.38538158e-01]
 [6.36610073e-04 8.19336244e-01 1.80027146e-01]
 [8.07792271e-03 7.47792498e-03 9.84444152e-01]
 [9.91550931e-01 7.16582359e-04 7.73248632e-03]
 [1.86725428e-03 9.74389021e-01 2.37437248e-02]
 [9.99733609e-01 2.73400653e-05 2.39050770e-04]
 [2.65072762e-04 7.40272263e-01 2.59462664e-01]
 [1.71198069e-03 1.23693655e-02 9.85918654e-01]
 [4.80223886e-01 3.08753535e-03 5.16688579e-01]
 [9.95854640e-01 1.43248546e-04 4.00211175e-03]
 [5.52339207e-02 4.22094951e-04 9.44343984e-01]
 [2.17775704e-03 1.00506040e-01 8.97316203e-01]
 [9.88835981e-01 2.95632174e-04 1.08683868e-02]
 [1.32481506e-03 5.95104277e-01 4.03570908e-01]
 [9.98431593e-01 1.03488246e-04 1.46491922e-03]
 [1.85917746e-02 1.01275994e-02 9.71280626e-01]
 [9.84634761e-01 3.53771909e-04 1.50114668e-02]
 [3.03854868e-03 1.49513514e-03 9.95466316e-01]
 [4.60064333e-02 2.78916361e-03 9.51204403e-01]
 [2.10069165e-02 5.82008195e-03 9.73173002e-01]
 [4.99922888e-04 9.97412691e-01 2.08738642e-03]
 [3.93039904e-03 2.14108075e-01 7.81961526e-01]
 [1.91758158e-01 2.18806790e-03 8.06053774e-01]
 [1.93355011e-02 1.89548415e-02 9.61709657e-01]
 [6.93500251e-04 7.68100508e-01 2.31205992e-01]
 [5.95495096e-03 1.30275482e-03 9.92742294e-01]
 [1.30957288e-02 3.96895701e-03 9.82935314e-01]
 [2.20012537e-03 3.50503997e-01 6.47295878e-01]
 [1.60932339e-03 2.69478058e-03 9.95695896e-01]
 [2.46287496e-02 1.42815320e-01 8.32555930e-01]
 [9.99567171e-01 3.52385870e-05 3.97590363e-04]
 [7.50043399e-01 1.36574354e-03 2.48590858e-01]
 [2.00692046e-02 4.29779344e-03 9.75633002e-01]
 [9.99071782e-01 3.33424528e-05 8.94875942e-04]
 [1.48473186e-03 2.13049992e-03 9.96384768e-01]
 [3.68090421e-01 1.91532350e-03 6.29994255e-01]
 [2.92269837e-02 2.95888118e-01 6.74884899e-01]
 [9.55354707e-03 3.89070316e-04 9.90057383e-01]
 [1.73831329e-03 8.38639824e-01 1.59621863e-01]
 [2.75849230e-04 1.54549252e-02 9.84269226e-01]
 [5.92876369e-03 3.17361170e-03 9.90897625e-01]
 [2.22780720e-01 2.32006148e-03 7.74899218e-01]
 [9.12192361e-04 4.79429842e-03 9.94293509e-01]
 [2.55545558e-03 7.05674934e-03 9.90387795e-01]
 [4.99950483e-03 7.22612485e-01 2.72388010e-01]
 [6.18585542e-01 3.55967800e-03 3.77854780e-01]
 [2.96777984e-03 5.71331162e-04 9.96460889e-01]
 [2.75095689e-01 2.06304705e-03 7.22841264e-01]
 [3.25139364e-03 3.59104273e-03 9.93157564e-01]
 [9.98481774e-01 1.06627959e-04 1.41159766e-03]
 [9.95908653e-01 3.13186841e-04 3.77816060e-03]
 [2.07448634e-03 1.06077014e-01 8.91848499e-01]
 [8.42004999e-04 9.79855301e-01 1.93026943e-02]
 [5.07855870e-04 3.34492288e-02 9.66042915e-01]
 [2.32906410e-01 3.05285447e-04 7.66788305e-01]
 [4.62531988e-04 9.94771009e-01 4.76645946e-03]
 [3.50144561e-01 1.69020874e-03 6.48165230e-01]
 [5.31044831e-03 6.73094647e-03 9.87958605e-01]
 [3.21784686e-03 6.97135048e-02 9.27068648e-01]
 [9.99009613e-01 2.11074676e-04 7.79312596e-04]
 [2.17471568e-04 2.00215246e-01 7.99567282e-01]
 [9.89567528e-01 8.29559357e-04 9.60291251e-03]
 [9.66139118e-01 8.06158227e-04 3.30547238e-02]
 [1.03023904e-01 2.40301219e-03 8.94573084e-01]
 [9.97727140e-01 1.51873011e-04 2.12098660e-03]
 [4.56089264e-03 7.92881080e-02 9.16150999e-01]
 [9.16258760e-01 6.26933724e-04 8.31143059e-02]
 [8.26111742e-04 9.93095274e-01 6.07861386e-03]
 [6.90802148e-04 1.57017481e-03 9.97739023e-01]
 [7.91826285e-02 1.11766608e-03 9.19699705e-01]
 [1.43602386e-04 9.55289666e-01 4.45667319e-02]
 [2.28279486e-03 2.31424919e-03 9.95402956e-01]
 [6.40267196e-04 9.97059230e-01 2.30050264e-03]
 [3.45567012e-03 9.27341136e-03 9.87270919e-01]
 [3.81709120e-03 7.25845754e-03 9.88924451e-01]
 [6.59039496e-03 1.23593510e-03 9.92173670e-01]
 [5.41399419e-05 9.91851937e-01 8.09392310e-03]
 [4.66813290e-03 6.36179109e-01 3.59152758e-01]
 [9.95362567e-01 4.98455058e-04 4.13897817e-03]
 [2.88156665e-04 9.97752050e-01 1.95979312e-03]
 [2.19586928e-01 1.51018314e-03 7.78902889e-01]
 [4.91466335e-01 5.39331757e-04 5.07994333e-01]
 [3.76685972e-01 8.42770156e-04 6.22471258e-01]
 [2.21693673e-03 8.91745086e-01 1.06037978e-01]
 [9.41698290e-01 8.64521261e-04 5.74371889e-02]
 [9.96428939e-01 1.88930742e-04 3.38213058e-03]
 [1.09741923e-03 9.72523450e-01 2.63791304e-02]
 [2.73723814e-03 2.57228734e-01 7.40034028e-01]
 [9.79866774e-01 8.70303134e-04 1.92629229e-02]
 [9.91507073e-01 1.95552394e-04 8.29737502e-03]
 [5.46745030e-03 2.39221509e-01 7.55311040e-01]
 [1.88911742e-03 8.21290926e-03 9.89897973e-01]
 [9.98403986e-01 2.39813143e-04 1.35620061e-03]
 [9.83078966e-01 4.71113276e-04 1.64499206e-02]
 [9.33098970e-01 1.11122950e-03 6.57898003e-02]
 [2.07628917e-03 9.68095244e-01 2.98284665e-02]
 [1.23442767e-01 9.28204721e-03 8.67275186e-01]
 [1.01837264e-02 3.44808820e-01 6.45007454e-01]
 [8.62239337e-02 2.58234178e-03 9.11193725e-01]
 [2.16839917e-03 4.48615337e-03 9.93345447e-01]
 [9.97778540e-01 5.84274370e-05 2.16303301e-03]
 [9.90355743e-01 6.55289329e-04 8.98896720e-03]
 [3.46887834e-02 1.57688472e-03 9.63734332e-01]
 [4.05882901e-02 3.44243851e-03 9.55969271e-01]
 [2.36238666e-04 9.92512936e-01 7.25082501e-03]
 [9.85146164e-04 9.86575202e-01 1.24396517e-02]
 [9.01245997e-04 9.62629587e-01 3.64691666e-02]
 [1.11048256e-03 1.20527838e-03 9.97684239e-01]
 [6.23337491e-03 1.22004488e-01 8.71762137e-01]
 [1.84090051e-04 9.93660850e-01 6.15506032e-03]
 [5.89803707e-04 9.92440160e-01 6.97003665e-03]
 [4.11064448e-01 1.12505913e-03 5.87810493e-01]
 [4.72846101e-03 3.55396397e-03 9.91717575e-01]
 [9.96177084e-01 4.15549737e-04 3.40736591e-03]
 [8.10636351e-01 2.68831514e-03 1.86675333e-01]
 [9.86944049e-04 4.91208001e-02 9.49892256e-01]
 [9.99139214e-01 2.70782855e-04 5.90002815e-04]
 [6.86115707e-03 4.14920920e-03 9.88989634e-01]
 [7.41773956e-02 4.16827521e-03 9.21654329e-01]
 [9.98947444e-01 1.20269483e-04 9.32286111e-04]
 [4.14836935e-02 6.14284675e-03 9.52373460e-01]
 [5.84359096e-03 1.68101150e-03 9.92475398e-01]
 [9.95728984e-01 5.42915730e-04 3.72810016e-03]
 [9.01272512e-03 2.48226362e-02 9.66164639e-01]
 [6.26408809e-03 1.35409428e-01 8.58326484e-01]
 [2.52555495e-02 1.82005125e-03 9.72924399e-01]]",0.9531513110718794
Random Forest,0.861244019138756,0.867546138072454,0.861244019138756,0.8608396808767603,0.8440203671062833,0.5116073679992041,0.033779111000512785,"RandomForestClassifier(class_weight='balanced_subsample', max_depth=12,
                       n_estimators=200, n_jobs=-1, random_state=42)","[2 2 2 1 0 2 0 2 0 1 0 2 2 1 1 0 1 0 1 2 1 1 0 2 0 2 2 0 2 2 1 2 2 2 2 2 1
 2 2 0 2 0 1 2 2 2 0 0 0 1 2 2 1 1 2 0 2 1 0 2 1 2 2 2 1 2 2 2 1 1 2 2 2 0
 2 2 0 2 0 1 2 2 2 1 2 2 0 1 0 1 2 2 0 2 2 0 2 0 2 0 2 2 2 1 2 2 2 1 2 2 2
 2 2 0 2 2 0 2 2 2 2 1 2 2 2 2 2 2 2 2 2 2 0 0 2 1 2 2 1 2 2 2 0 1 0 0 2 0
 2 0 2 2 2 1 2 1 2 2 2 1 1 0 1 2 0 2 1 0 0 1 2 0 0 2 2 0 0 0 1 2 2 2 2 0 0
 2 2 1 1 1 2 2 1 1 0 2 0 2 2 0 2 2 0 2 2 0 2 2 2]","[[1.89669676e-01 2.55029385e-02 7.84827386e-01]
 [1.23483719e-01 4.36712772e-02 8.32845004e-01]
 [1.55821545e-02 2.53587761e-01 7.30830084e-01]
 [1.57133947e-02 6.38262843e-01 3.46023762e-01]
 [6.68697170e-01 4.04834864e-02 2.90819343e-01]
 [1.43197780e-01 1.45757666e-01 7.11044554e-01]
 [5.93372212e-01 1.00000000e-02 3.96627788e-01]
 [3.76373606e-01 2.53870639e-02 5.98239331e-01]
 [6.52058157e-01 1.65141319e-02 3.31427711e-01]
 [1.64285714e-02 5.74525765e-01 4.09045663e-01]
 [7.82925314e-01 1.67030848e-02 2.00371601e-01]
 [1.22782524e-01 8.93841593e-02 7.87833317e-01]
 [9.05723890e-02 2.16091669e-01 6.93335942e-01]
 [2.38050609e-02 5.31225204e-01 4.44969735e-01]
 [2.00000000e-02 6.77795142e-01 3.02204858e-01]
 [5.18237628e-01 7.41761360e-03 4.74344758e-01]
 [1.50000000e-02 7.46339353e-01 2.38660647e-01]
 [7.87743967e-01 3.51882693e-02 1.77067764e-01]
 [4.33641307e-02 5.81755295e-01 3.74880574e-01]
 [2.30833926e-01 2.13927482e-02 7.47773326e-01]
 [8.79525465e-04 6.49172636e-01 3.49947839e-01]
 [2.00000000e-02 6.10000000e-01 3.70000000e-01]
 [8.14116563e-01 1.50000000e-02 1.70883437e-01]
 [1.80562627e-01 1.15848615e-01 7.03588757e-01]
 [8.59151869e-01 1.00000000e-02 1.30848131e-01]
 [5.70118927e-02 3.11330826e-01 6.31657281e-01]
 [4.04380488e-02 1.41001567e-01 8.18560384e-01]
 [6.57182251e-01 3.78551639e-02 3.04962585e-01]
 [5.39448882e-02 4.20715000e-01 5.25340111e-01]
 [9.06347229e-02 3.40866386e-02 8.75278639e-01]
 [5.00000000e-03 7.80838850e-01 2.14161150e-01]
 [9.33984038e-02 2.87124091e-01 6.19477505e-01]
 [4.04080638e-01 1.06296125e-02 5.85289750e-01]
 [2.50983609e-01 3.34648684e-02 7.15551522e-01]
 [3.08795255e-02 4.34027520e-01 5.35092954e-01]
 [4.97914103e-02 6.92320219e-02 8.80976568e-01]
 [2.18333333e-02 7.64268297e-01 2.13898370e-01]
 [6.92996583e-02 9.09315004e-02 8.39768841e-01]
 [2.47910924e-01 6.38043580e-02 6.88284718e-01]
 [8.61501045e-01 2.79882170e-03 1.35700134e-01]
 [3.72583656e-02 3.67138334e-01 5.95603300e-01]
 [8.67971698e-01 3.41569995e-02 9.78713025e-02]
 [2.00000000e-02 6.02718459e-01 3.77281541e-01]
 [2.12505581e-01 2.06673309e-01 5.80821110e-01]
 [1.18255795e-01 7.52598821e-02 8.06484323e-01]
 [3.71178414e-01 2.91295080e-02 5.99692078e-01]
 [9.20316489e-01 2.31615366e-02 5.65219740e-02]
 [8.94680152e-01 1.54701169e-02 8.98497309e-02]
 [6.53651231e-01 1.45446860e-02 3.31804083e-01]
 [2.12747904e-02 6.85494905e-01 2.93230305e-01]
 [5.44052693e-02 2.07593507e-01 7.38001223e-01]
 [5.60063048e-02 3.15464530e-01 6.28529166e-01]
 [4.04077120e-02 5.59224889e-01 4.00367399e-01]
 [1.91404612e-02 8.01271742e-01 1.79587796e-01]
 [1.03005798e-01 1.05422676e-01 7.91571525e-01]
 [5.15454031e-01 4.25167785e-02 4.42029191e-01]
 [1.92641889e-01 5.15109007e-02 7.55847210e-01]
 [1.02258328e-02 8.22971462e-01 1.66802705e-01]
 [9.09150804e-01 2.00070908e-04 9.06491249e-02]
 [3.19501535e-01 4.55712414e-02 6.34927223e-01]
 [4.00000000e-02 6.57150493e-01 3.02849507e-01]
 [1.79167955e-01 3.70845694e-02 7.83747475e-01]
 [6.80547609e-02 1.35762013e-01 7.96183226e-01]
 [1.19715705e-01 5.24142491e-02 8.27870046e-01]
 [1.26238642e-02 7.31218253e-01 2.56157882e-01]
 [3.97732828e-01 2.46750724e-02 5.77592100e-01]
 [2.93035194e-01 4.05719561e-02 6.66392850e-01]
 [3.07975570e-02 1.40393220e-01 8.28809223e-01]
 [2.00000000e-02 7.30804292e-01 2.49195708e-01]
 [3.33043131e-02 7.01493579e-01 2.65202108e-01]
 [3.91431723e-01 9.30842931e-03 5.99259848e-01]
 [9.19244011e-02 2.78504392e-01 6.29571207e-01]
 [9.15029590e-02 3.01373965e-01 6.07123076e-01]
 [9.45091471e-01 4.83486395e-04 5.44250424e-02]
 [2.97627358e-02 3.36121207e-01 6.34116057e-01]
 [2.25246795e-01 3.65529173e-02 7.38200288e-01]
 [8.38578128e-01 3.48608472e-02 1.26561025e-01]
 [4.72517586e-01 1.81246646e-02 5.09357750e-01]
 [4.97363874e-01 4.63518758e-02 4.56284250e-01]
 [3.72716749e-02 5.35151239e-01 4.27577086e-01]
 [1.87027728e-01 1.28912912e-01 6.84059360e-01]
 [1.26016195e-01 6.30714440e-02 8.10912361e-01]
 [1.00492926e-01 1.35795791e-01 7.63711283e-01]
 [1.71756345e-02 6.80360025e-01 3.02464341e-01]
 [3.19920491e-02 4.12418786e-01 5.55589165e-01]
 [1.75792547e-01 1.02955484e-01 7.21251969e-01]
 [9.24800052e-01 1.68732263e-02 5.83267212e-02]
 [1.00000000e-02 8.38276293e-01 1.51723707e-01]
 [8.86946637e-01 2.97286831e-02 8.33246802e-02]
 [5.44504310e-02 4.78429542e-01 4.67120027e-01]
 [1.22409718e-01 1.99868748e-01 6.77721533e-01]
 [2.26130843e-01 5.91251491e-02 7.14744008e-01]
 [8.82322836e-01 1.04834864e-02 1.07193677e-01]
 [1.88412060e-01 3.45708829e-02 7.77017057e-01]
 [9.59286692e-02 2.20066654e-01 6.84004676e-01]
 [9.24357434e-01 2.00070908e-04 7.54424955e-02]
 [1.74841969e-02 3.85328221e-01 5.97187582e-01]
 [7.73983722e-01 8.52891156e-03 2.17487367e-01]
 [2.38729196e-01 9.21508192e-02 6.69119984e-01]
 [7.43905111e-01 2.50000000e-02 2.31094889e-01]
 [1.00911934e-01 3.49813519e-02 8.64106714e-01]
 [1.57799681e-01 7.28965774e-02 7.69303742e-01]
 [1.26751169e-01 6.57363025e-02 8.07512528e-01]
 [5.44498014e-02 7.43726370e-01 2.01823829e-01]
 [1.01014523e-01 3.50603110e-01 5.48382367e-01]
 [1.93759712e-01 1.38776769e-01 6.67463519e-01]
 [5.89137985e-02 1.18611390e-01 8.22474811e-01]
 [6.54860588e-03 5.02077528e-01 4.91373866e-01]
 [1.11208810e-01 5.98756819e-02 8.28915508e-01]
 [1.62626525e-01 1.12327630e-01 7.25045845e-01]
 [2.74536824e-02 3.85145497e-01 5.87400821e-01]
 [1.18135914e-01 1.21396735e-01 7.60467351e-01]
 [1.20520822e-01 2.87770433e-01 5.91708745e-01]
 [8.56782727e-01 1.50000000e-02 1.28217273e-01]
 [4.33110766e-01 4.38530358e-03 5.62503931e-01]
 [1.66301376e-01 1.17975808e-01 7.15722816e-01]
 [6.42345508e-01 4.31827112e-02 3.14471780e-01]
 [1.02193588e-01 9.27132954e-02 8.05093117e-01]
 [3.91509673e-01 2.00000000e-02 5.88490327e-01]
 [7.20415464e-02 2.16861992e-01 7.11096461e-01]
 [1.23196833e-01 2.71466159e-02 8.49656551e-01]
 [3.56570946e-02 6.71607054e-01 2.92735852e-01]
 [1.01358235e-01 2.59472998e-01 6.39168767e-01]
 [8.77410554e-02 1.59773101e-02 8.96281635e-01]
 [2.82767513e-01 1.52000709e-02 7.02032417e-01]
 [9.42713849e-02 1.34749919e-01 7.70978696e-01]
 [1.75727939e-01 1.01102657e-01 7.23169404e-01]
 [5.71709243e-02 4.59331342e-01 4.83497733e-01]
 [4.12226039e-01 8.37542088e-03 5.79398541e-01]
 [1.26184396e-01 4.30791072e-02 8.30736497e-01]
 [3.02692480e-01 2.64434774e-02 6.70864042e-01]
 [9.44096706e-02 3.20715345e-02 8.73518795e-01]
 [7.24759859e-01 1.76221569e-02 2.57617984e-01]
 [8.32880473e-01 6.14488255e-03 1.60974645e-01]
 [6.47751258e-02 3.38102584e-01 5.97122290e-01]
 [7.32571429e-03 6.86375504e-01 3.06298782e-01]
 [1.00390850e-01 2.05967464e-01 6.93641686e-01]
 [2.75048614e-01 4.18918168e-02 6.83059569e-01]
 [2.84544088e-02 6.73734394e-01 2.97811197e-01]
 [1.69476283e-01 1.73763256e-01 6.56760461e-01]
 [7.60924607e-02 1.03772586e-01 8.20134953e-01]
 [4.79633980e-02 1.67124229e-01 7.84912373e-01]
 [8.54553845e-01 3.00000000e-02 1.15446155e-01]
 [1.94930612e-02 6.19771918e-01 3.60735021e-01]
 [7.82299310e-01 4.84630386e-02 1.69237651e-01]
 [8.11535201e-01 0.00000000e+00 1.88464799e-01]
 [2.34724956e-01 2.34070944e-02 7.41867950e-01]
 [8.40913189e-01 1.55894301e-02 1.43497381e-01]
 [2.96498436e-02 2.26365817e-01 7.43984340e-01]
 [6.84101795e-01 5.00000000e-03 3.10898205e-01]
 [5.07270149e-02 4.53934724e-01 4.95338261e-01]
 [1.49992438e-01 9.02907015e-02 7.59716861e-01]
 [9.49491167e-02 2.21897122e-02 8.82861171e-01]
 [6.50952071e-02 5.23424060e-01 4.11480733e-01]
 [1.08265032e-01 9.76115614e-02 7.94123407e-01]
 [5.00000000e-03 7.70000000e-01 2.25000000e-01]
 [1.02726920e-01 2.21213410e-01 6.76059670e-01]
 [1.39985037e-01 1.55355912e-01 7.04659052e-01]
 [1.76119210e-01 8.68594737e-02 7.37021316e-01]
 [4.75274278e-02 6.60916141e-01 2.91556432e-01]
 [1.57548033e-02 5.07933650e-01 4.76311546e-01]
 [8.55194010e-01 3.47566180e-02 1.10049372e-01]
 [1.40565207e-02 7.19983837e-01 2.65959642e-01]
 [2.67944714e-01 3.32162305e-02 6.98839055e-01]
 [5.34195510e-01 2.02000709e-02 4.45604419e-01]
 [4.88611250e-01 1.72215653e-02 4.94167184e-01]
 [3.00000000e-02 5.52061512e-01 4.17938488e-01]
 [7.46130455e-01 2.04170848e-02 2.33452460e-01]
 [9.47422884e-01 6.09573687e-03 4.64813794e-02]
 [1.92405587e-02 5.03884038e-01 4.76875403e-01]
 [3.14040962e-02 4.22575594e-01 5.46020310e-01]
 [8.83653165e-01 7.66541823e-03 1.08681417e-01]
 [8.29101961e-01 5.00000000e-03 1.65898039e-01]
 [5.03283545e-02 3.66666995e-01 5.83004650e-01]
 [2.67681786e-02 1.72327047e-01 8.00904774e-01]
 [9.26319461e-01 1.00000000e-02 6.36805388e-02]
 [5.73353748e-01 2.55855497e-02 4.01060703e-01]
 [7.24380193e-01 5.54224662e-03 2.70077560e-01]
 [1.09680825e-01 5.61920341e-01 3.28398834e-01]
 [2.53710948e-01 8.35429230e-02 6.62746129e-01]
 [5.50000000e-02 4.19452434e-01 5.25547566e-01]
 [1.06421573e-01 5.50000000e-02 8.38578427e-01]
 [5.51444310e-02 1.45000000e-01 7.99855569e-01]
 [6.79965528e-01 5.00000000e-03 3.15034472e-01]
 [9.10401046e-01 0.00000000e+00 8.95989535e-02]
 [2.30071008e-01 2.40160543e-02 7.45912937e-01]
 [2.03920872e-01 1.28817746e-02 7.83197354e-01]
 [2.61014758e-02 6.31451092e-01 3.42447432e-01]
 [3.29808031e-02 5.31364442e-01 4.35654755e-01]
 [2.56072834e-02 5.00380091e-01 4.74012625e-01]
 [1.80735694e-01 9.02806961e-02 7.28983610e-01]
 [2.19154224e-02 2.23207928e-01 7.54876650e-01]
 [1.00000000e-02 6.91734683e-01 2.98265317e-01]
 [4.20658655e-02 7.47382830e-01 2.10551305e-01]
 [5.70701281e-01 3.34782240e-03 4.25950897e-01]
 [1.69386883e-01 6.87119849e-02 7.61901132e-01]
 [7.63584684e-01 4.23986609e-02 1.94016655e-01]
 [4.44696702e-01 6.73499109e-02 4.87953387e-01]
 [3.28915505e-02 2.59242727e-01 7.07865722e-01]
 [8.46170048e-01 3.66295270e-02 1.17200425e-01]
 [1.32933821e-01 7.53364351e-02 7.91729744e-01]
 [1.61079687e-01 3.70087277e-02 8.01911585e-01]
 [8.60305435e-01 5.00000000e-03 1.34694565e-01]
 [1.42508724e-01 7.44104676e-02 7.83080809e-01]
 [2.24237211e-01 2.45472271e-02 7.51215562e-01]
 [8.18940675e-01 5.09954629e-02 1.30063862e-01]
 [5.58172620e-02 1.96472962e-01 7.47709776e-01]
 [2.25195439e-02 2.43655150e-01 7.33825306e-01]
 [3.26906580e-01 3.53959641e-02 6.37697456e-01]]",0.9447570963102122
Logistic Regression,0.8564593301435407,0.8578609057077956,0.8564593301435407,0.8563302678542809,0.8287540489507244,0.032589628999630804,0.00046304199986479944,"LogisticRegression(max_iter=1000, random_state=42)","[2 2 2 1 0 2 0 2 0 1 2 2 2 1 1 0 1 0 1 2 2 1 0 2 0 2 2 0 1 2 1 1 0 2 2 2 1
 2 2 0 2 0 1 2 2 2 0 0 0 1 2 2 1 1 2 2 2 1 0 2 1 2 2 2 1 0 2 2 1 1 0 2 2 0
 2 2 0 2 0 2 2 2 2 1 2 2 0 1 0 1 2 2 0 2 2 0 2 0 2 0 2 2 2 1 2 2 2 1 2 2 2
 2 2 0 0 2 0 2 0 2 2 1 2 2 2 2 2 1 2 2 2 2 0 0 2 1 2 2 1 2 2 2 0 1 0 0 2 0
 2 0 1 2 2 1 2 1 2 2 2 1 1 0 1 2 0 2 1 0 0 1 2 0 0 2 2 0 0 0 1 2 1 2 2 0 0
 2 2 1 1 1 2 2 1 1 0 2 0 0 2 0 2 2 0 2 2 0 2 2 2]","[[2.34789257e-01 2.77090436e-05 7.65183034e-01]
 [9.07653477e-02 2.21683955e-03 9.07017813e-01]
 [3.98244249e-03 4.22084168e-02 9.53809141e-01]
 [2.21670655e-07 9.52370917e-01 4.76288616e-02]
 [9.77342515e-01 3.23867102e-06 2.26542467e-02]
 [4.55734950e-02 8.17304597e-04 9.53609200e-01]
 [7.58479891e-01 1.92274075e-05 2.41500882e-01]
 [3.89026354e-01 2.22963019e-04 6.10750682e-01]
 [9.04231897e-01 9.42370084e-06 9.57586796e-02]
 [1.08728924e-06 8.59642168e-01 1.40356745e-01]
 [3.38800192e-01 4.62834597e-05 6.61153525e-01]
 [2.10908077e-02 2.92346534e-02 9.49674539e-01]
 [1.62325726e-03 9.15885714e-02 9.06788171e-01]
 [1.80870153e-06 8.41286973e-01 1.58711218e-01]
 [1.13495385e-09 9.94539086e-01 5.46091317e-03]
 [6.67496063e-01 4.33129655e-05 3.32460624e-01]
 [5.37012726e-08 9.90256932e-01 9.74301428e-03]
 [9.01860872e-01 1.41481987e-05 9.81249798e-02]
 [1.53235484e-06 8.77525983e-01 1.22472484e-01]
 [2.26533863e-01 2.68396663e-04 7.73197740e-01]
 [9.36586562e-05 3.90130078e-01 6.09776263e-01]
 [2.02422605e-09 9.99736130e-01 2.63868104e-04]
 [9.48708858e-01 1.64230647e-07 5.12909775e-02]
 [3.09298410e-01 2.47094407e-03 6.88230646e-01]
 [8.66164154e-01 1.28048532e-05 1.33823041e-01]
 [8.69786010e-04 4.27739491e-01 5.71390723e-01]
 [3.99794927e-02 7.14154883e-03 9.52878959e-01]
 [9.18665210e-01 9.46653922e-06 8.13253238e-02]
 [3.11920320e-04 5.23800680e-01 4.75887400e-01]
 [2.14789841e-03 6.41785636e-03 9.91434245e-01]
 [3.93149668e-08 9.96335893e-01 3.66406778e-03]
 [2.55384989e-04 6.97121142e-01 3.02623473e-01]
 [7.10409108e-01 8.01625379e-05 2.89510730e-01]
 [2.69925949e-01 1.18480504e-04 7.29955570e-01]
 [2.23541034e-04 2.53987431e-01 7.45789028e-01]
 [3.68979602e-04 8.37106611e-02 9.15920359e-01]
 [4.39121894e-16 9.99999312e-01 6.87546973e-07]
 [6.35613249e-03 9.11787075e-02 9.02465160e-01]
 [3.65754042e-01 2.07700319e-03 6.32168954e-01]
 [9.69988680e-01 2.50678823e-07 3.00110698e-02]
 [5.17045141e-05 3.05781430e-01 6.94166865e-01]
 [9.73701497e-01 4.13303975e-07 2.62980898e-02]
 [2.78685697e-06 7.87545826e-01 2.12451388e-01]
 [2.76069198e-01 5.35973394e-03 7.18571068e-01]
 [6.06982299e-03 5.08396848e-03 9.88846209e-01]
 [3.89727049e-01 1.46354753e-03 6.08809403e-01]
 [9.85271297e-01 1.03208445e-07 1.47285996e-02]
 [9.06691221e-01 1.12599539e-06 9.33076530e-02]
 [9.42490110e-01 3.03202653e-06 5.75068584e-02]
 [5.39928269e-08 9.87990569e-01 1.20093768e-02]
 [1.88340729e-03 3.23470145e-02 9.65769578e-01]
 [5.93905565e-03 2.79335023e-01 7.14725921e-01]
 [2.35483220e-06 8.99620748e-01 1.00376897e-01]
 [1.77159655e-06 9.56221122e-01 4.37771061e-02]
 [1.31842934e-02 1.31235212e-02 9.73692185e-01]
 [4.51181870e-01 8.67331261e-05 5.48731397e-01]
 [6.97795640e-02 2.33028541e-03 9.27890151e-01]
 [1.17566852e-08 9.96313241e-01 3.68674742e-03]
 [9.99816797e-01 1.24510821e-10 1.83202907e-04]
 [1.56926026e-01 9.48417161e-04 8.42125557e-01]
 [3.47575557e-10 9.99273880e-01 7.26119675e-04]
 [4.49259913e-02 3.30790264e-03 9.51766106e-01]
 [5.92303417e-03 3.35131656e-02 9.60563800e-01]
 [1.13585752e-01 1.75433194e-03 8.84659916e-01]
 [4.78901161e-06 7.96083997e-01 2.03911214e-01]
 [7.01655726e-01 8.09402467e-05 2.98263334e-01]
 [7.92385544e-02 2.21453128e-03 9.18546914e-01]
 [9.43621922e-04 2.18037441e-01 7.81018938e-01]
 [1.02590561e-07 9.78349628e-01 2.16502695e-02]
 [1.01217944e-06 9.40345456e-01 5.96535321e-02]
 [5.69807558e-01 9.90772973e-05 4.30093365e-01]
 [2.84822238e-02 3.73377350e-02 9.34180041e-01]
 [3.28096489e-03 2.43514310e-01 7.53204725e-01]
 [9.90705089e-01 1.05465811e-08 9.29490018e-03]
 [9.32277240e-05 4.71443521e-01 5.28463251e-01]
 [3.79437490e-01 1.53293482e-03 6.19029575e-01]
 [9.47320358e-01 7.03735496e-06 5.26726048e-02]
 [2.70090192e-01 6.27788990e-04 7.29282019e-01]
 [8.86055624e-01 2.77621589e-06 1.13941600e-01]
 [7.16716022e-04 2.38143058e-01 7.61140226e-01]
 [1.41540068e-01 2.70673073e-03 8.55753201e-01]
 [1.34581904e-02 7.52742313e-03 9.79014386e-01]
 [6.10284498e-02 1.37170487e-02 9.25254502e-01]
 [5.03248257e-06 9.07399880e-01 9.25950872e-02]
 [6.04649405e-05 4.72341818e-01 5.27597717e-01]
 [7.24411899e-02 1.67962338e-02 9.10762576e-01]
 [9.99935756e-01 1.89907430e-12 6.42441999e-05]
 [2.80918258e-05 7.05248285e-01 2.94723623e-01]
 [9.93230323e-01 6.93073922e-08 6.76960749e-03]
 [3.19109830e-05 6.93853095e-01 3.06114994e-01]
 [1.27452487e-04 1.54542313e-01 8.45330235e-01]
 [4.36790526e-01 1.09556957e-04 5.63099917e-01]
 [9.83118873e-01 4.77716266e-07 1.68806493e-02]
 [1.62111017e-01 1.43847525e-03 8.36450508e-01]
 [7.23999968e-04 1.85625738e-01 8.13650262e-01]
 [8.55702031e-01 4.51899247e-06 1.44293450e-01]
 [5.74091544e-05 4.57078539e-01 5.42864052e-01]
 [9.99653807e-01 1.53865091e-11 3.46193113e-04]
 [3.50994428e-01 2.09305233e-03 6.46912520e-01]
 [7.49682522e-01 5.73600217e-06 2.50311742e-01]
 [1.87762384e-03 6.60142769e-03 9.91520948e-01]
 [9.93944088e-02 3.18060018e-03 8.97424991e-01]
 [1.38602956e-01 3.16774785e-02 8.29719566e-01]
 [1.09038155e-06 9.42471491e-01 5.75274189e-02]
 [1.62750909e-04 9.00613828e-02 9.09775866e-01]
 [4.95691682e-02 2.08949944e-02 9.29535837e-01]
 [3.30775687e-03 6.10711356e-02 9.35621107e-01]
 [1.45237437e-05 5.18794799e-01 4.81190678e-01]
 [2.34531794e-02 7.11265446e-04 9.75835555e-01]
 [1.30121755e-01 2.82926730e-03 8.67048977e-01]
 [4.51810477e-04 2.80295396e-01 7.19252793e-01]
 [1.14723054e-03 8.50820022e-02 9.13770767e-01]
 [1.91642384e-02 2.46970896e-02 9.56138672e-01]
 [9.99971031e-01 1.98569589e-12 2.89694057e-05]
 [8.75718161e-01 1.02300072e-05 1.24271609e-01]
 [1.03094032e-01 1.50636703e-02 8.81842297e-01]
 [9.95408315e-01 5.89932787e-08 4.59162575e-03]
 [1.47695267e-02 7.20336377e-02 9.13196836e-01]
 [6.30037115e-01 1.87522015e-04 3.69775363e-01]
 [1.85516368e-03 1.60247295e-01 8.37897541e-01]
 [5.01364748e-02 5.74389278e-04 9.49289136e-01]
 [2.79106200e-05 7.83785551e-01 2.16186539e-01]
 [6.12814550e-04 9.96050750e-02 8.99782110e-01]
 [2.08959733e-02 7.61878026e-03 9.71485246e-01]
 [4.65906165e-01 5.82630813e-05 5.34035572e-01]
 [1.18013305e-03 2.11519632e-02 9.77667904e-01]
 [2.17669196e-02 1.35517550e-02 9.64681325e-01]
 [4.77561622e-05 6.65428861e-01 3.34523383e-01]
 [4.80538463e-01 7.33588366e-06 5.19454201e-01]
 [1.69488589e-02 9.64846898e-03 9.73402672e-01]
 [9.63381799e-02 3.81215133e-04 9.03280605e-01]
 [2.27870249e-02 1.03657773e-02 9.66847198e-01]
 [9.74631303e-01 2.22052945e-06 2.53664761e-02]
 [8.05466310e-01 9.04010652e-06 1.94524650e-01]
 [1.24567663e-04 3.08658842e-01 6.91216590e-01]
 [1.23049307e-06 9.91184004e-01 8.81476518e-03]
 [6.08988317e-03 1.28833594e-01 8.65076523e-01]
 [7.94478762e-02 2.15290718e-04 9.20336833e-01]
 [4.73233131e-07 9.70013744e-01 2.99857825e-02]
 [5.00945925e-02 3.63179012e-03 9.46273617e-01]
 [6.86581008e-03 3.42146070e-02 9.58919583e-01]
 [3.88578531e-03 8.33820463e-02 9.12732168e-01]
 [9.99724931e-01 1.83374358e-10 2.75068799e-04]
 [2.85679650e-05 8.45445564e-01 1.54525868e-01]
 [9.58817714e-01 2.16022657e-06 4.11801254e-02]
 [8.61728342e-01 1.38386341e-05 1.38257820e-01]
 [2.15423317e-01 5.23810001e-04 7.84052873e-01]
 [9.60601416e-01 7.42784119e-07 3.93978415e-02]
 [2.93871038e-03 1.59615122e-01 8.37446168e-01]
 [8.10517621e-01 9.73157085e-06 1.89472648e-01]
 [5.73371717e-09 9.92984968e-01 7.01502578e-03]
 [6.21922564e-03 1.89637872e-02 9.74816987e-01]
 [7.49020734e-02 9.72405371e-04 9.24125521e-01]
 [1.66329822e-05 7.44643289e-01 2.55340078e-01]
 [6.89720715e-03 7.50870891e-03 9.85594084e-01]
 [5.60896975e-08 9.96080224e-01 3.91972038e-03]
 [7.43707788e-03 3.02001447e-02 9.62362777e-01]
 [2.38795623e-02 1.29057468e-02 9.63214691e-01]
 [3.62310489e-02 4.84266567e-03 9.58926285e-01]
 [1.68775938e-06 9.20542099e-01 7.94562130e-02]
 [3.33356734e-04 5.87554852e-01 4.12111791e-01]
 [8.39384854e-01 1.12718695e-05 1.60603874e-01]
 [4.34770222e-15 9.99991562e-01 8.43754942e-06]
 [3.38166932e-01 1.12696781e-04 6.61720371e-01]
 [5.04646329e-01 1.36326843e-04 4.95217344e-01]
 [4.41691336e-01 1.31730863e-04 5.58176933e-01]
 [6.81712742e-06 9.00271457e-01 9.97217262e-02]
 [5.62398659e-01 1.12771456e-04 4.37488570e-01]
 [9.92103300e-01 1.05982193e-08 7.89668945e-03]
 [7.11059859e-15 9.99971833e-01 2.81667407e-05]
 [7.45283674e-05 3.79080302e-01 6.20845170e-01]
 [7.99502993e-01 8.53180787e-05 2.00411688e-01]
 [9.43387317e-01 5.85437476e-07 5.66120973e-02]
 [9.75307895e-04 4.73009407e-01 5.26015286e-01]
 [7.04336712e-04 6.41602703e-02 9.35135393e-01]
 [9.85999983e-01 1.31599611e-06 1.39987013e-02]
 [9.21769631e-01 8.09406289e-06 7.82222751e-02]
 [8.88959770e-01 1.20263610e-05 1.11028203e-01]
 [4.61722246e-04 7.61471347e-01 2.38066931e-01]
 [1.51243517e-01 2.87526042e-03 8.45881222e-01]
 [3.24462941e-05 6.41054263e-01 3.58913291e-01]
 [2.11920385e-01 3.96959095e-03 7.84110024e-01]
 [3.36939483e-03 2.67811608e-02 9.69849444e-01]
 [9.76864461e-01 5.53588516e-07 2.31349859e-02]
 [9.99546671e-01 4.44381024e-11 4.53328625e-04]
 [1.37270182e-01 3.99503209e-03 8.58734786e-01]
 [1.34241923e-01 1.35181332e-03 8.64406264e-01]
 [4.86242600e-07 9.22793343e-01 7.72061711e-02]
 [8.55699525e-09 9.84799694e-01 1.52002978e-02]
 [2.17095471e-08 9.78590531e-01 2.14094476e-02]
 [1.36446126e-02 2.39947945e-02 9.62360593e-01]
 [2.40908853e-04 1.90807365e-01 8.08951726e-01]
 [7.72542255e-07 9.54621147e-01 4.53780809e-02]
 [3.36168295e-10 9.98371325e-01 1.62867462e-03]
 [5.78756215e-01 3.75428758e-05 4.21206242e-01]
 [3.14203672e-02 2.06444390e-02 9.47935194e-01]
 [9.60733918e-01 3.78682808e-07 3.92657035e-02]
 [6.73797115e-01 5.73747914e-04 3.25629137e-01]
 [1.04741782e-03 8.49059012e-02 9.14046681e-01]
 [9.95220849e-01 2.21820530e-08 4.77912837e-03]
 [2.62432316e-02 1.58202415e-02 9.57936527e-01]
 [2.46945872e-01 3.65034057e-04 7.52689094e-01]
 [9.82302311e-01 9.79285946e-08 1.76975909e-02]
 [3.12988932e-02 1.01743995e-03 9.67683667e-01]
 [7.86684517e-02 2.27524431e-03 9.19056304e-01]
 [9.97445987e-01 6.18991829e-09 2.55400683e-03]
 [2.73494576e-03 6.11710385e-02 9.36094016e-01]
 [2.79307087e-03 2.58734221e-01 7.38472708e-01]
 [1.26893927e-01 1.67099521e-03 8.71435078e-01]]",0.949620705416637
XGBoost,0.8421052631578947,0.8430104667781312,0.8421052631578947,0.8418562825603855,0.8363588465708774,0.2513365180002438,0.001624771999559016,"XGBClassifier(base_score=None, booster=None, callbacks=None,
              colsample_bylevel=None, colsample_bynode=None,
              colsample_bytree=None, device=None, early_stopping_rounds=None,
              enable_categorical=True, eval_metric=None, feature_types=None,
              feature_weights=None, gamma=None, grow_policy=None,
              importance_type=None, interaction_constraints=None,
              learning_rate=None, max_bin=None, max_cat_threshold=None,
              max_cat_to_onehot=None, max_delta_step=None, max_depth=5,
              max_leaves=None, min_child_weight=None, missing=nan,
              monotone_constraints=None, multi_strategy=None, n_estimators=150,
              n_jobs=-1, num_parallel_tree=None, ...)","[2 2 2 1 0 2 2 2 0 1 0 2 2 1 1 2 1 0 1 2 1 1 0 2 0 2 2 0 2 2 1 2 2 0 2 2 1
 2 0 0 2 0 1 0 2 2 0 0 0 1 2 2 2 1 2 0 2 1 0 2 1 2 2 2 1 0 2 2 1 1 2 2 2 0
 2 2 0 2 0 2 2 2 2 1 1 2 0 1 0 1 2 0 0 2 2 0 2 0 2 0 2 2 2 1 2 2 2 1 2 2 2
 2 2 0 0 2 0 2 2 2 2 1 2 2 2 2 2 1 0 2 2 2 0 0 2 1 2 2 1 0 2 2 0 1 0 0 2 0
 2 0 1 2 2 1 2 1 2 2 2 1 1 0 1 2 2 2 1 0 0 1 2 0 0 2 2 0 0 0 1 2 2 2 2 0 0
 2 2 1 1 1 2 2 1 1 0 2 0 0 2 0 2 2 0 2 2 0 2 2 2]","[[3.88080627e-02 7.83531796e-05 9.61113572e-01]
 [2.65294017e-04 2.80220752e-06 9.99731839e-01]
 [6.21634768e-04 1.83402211e-03 9.97544348e-01]
 [5.82861772e-04 6.12918019e-01 3.86499107e-01]
 [9.99256790e-01 2.12778377e-05 7.21904740e-04]
 [3.68728186e-03 1.69107312e-04 9.96143579e-01]
 [4.78997946e-01 2.94833808e-05 5.20972550e-01]
 [1.49463536e-02 3.86854936e-06 9.85049784e-01]
 [9.23736870e-01 1.14938698e-03 7.51136765e-02]
 [2.34262407e-04 9.97426689e-01 2.33901339e-03]
 [9.36650813e-01 7.24373851e-04 6.26248270e-02]
 [6.12947624e-05 1.53917081e-05 9.99923348e-01]
 [3.02921864e-04 6.23163953e-02 9.37380612e-01]
 [4.39926262e-05 9.94180441e-01 5.77555737e-03]
 [1.03344559e-04 9.89734888e-01 1.01617556e-02]
 [7.82366470e-02 1.11855232e-04 9.21651483e-01]
 [6.58781846e-06 9.99897003e-01 9.63484272e-05]
 [9.99804318e-01 5.54110848e-05 1.40338452e-04]
 [3.37012207e-05 9.96246755e-01 3.71951680e-03]
 [9.13621038e-02 3.78140794e-05 9.08600152e-01]
 [4.29308682e-04 5.13033271e-01 4.86537367e-01]
 [4.74102271e-04 9.97453153e-01 2.07277038e-03]
 [9.98712897e-01 7.41015810e-06 1.27970567e-03]
 [9.38916877e-02 7.33000808e-04 9.05375302e-01]
 [9.99844670e-01 2.41289763e-05 1.31232329e-04]
 [2.67452968e-04 1.00764640e-01 8.98967981e-01]
 [3.75779608e-04 2.91316654e-04 9.99332845e-01]
 [9.08310413e-01 7.87159515e-05 9.16109383e-02]
 [1.99520378e-04 1.63005337e-01 8.36795151e-01]
 [1.35135324e-05 3.25522888e-05 9.99953985e-01]
 [3.69135000e-06 9.99825776e-01 1.70618019e-04]
 [1.63843302e-04 4.96464968e-02 9.50189650e-01]
 [3.03005185e-02 8.56459956e-05 9.69613791e-01]
 [6.37726486e-01 8.62799759e-04 3.61410707e-01]
 [1.74535718e-03 8.51658881e-02 9.13088799e-01]
 [2.52325175e-04 5.35383401e-03 9.94393826e-01]
 [1.63516615e-05 9.99542475e-01 4.41217300e-04]
 [4.11606074e-04 5.29403090e-02 9.46648061e-01]
 [6.00083530e-01 3.66962049e-04 3.99549484e-01]
 [9.99762595e-01 1.63653131e-05 2.21008842e-04]
 [4.31172812e-05 2.95374319e-02 9.70419407e-01]
 [9.99900818e-01 3.22640471e-06 9.59545869e-05]
 [1.07564105e-04 9.44307446e-01 5.55849522e-02]
 [6.25520766e-01 2.19931663e-03 3.72279942e-01]
 [6.11526519e-03 4.44767065e-05 9.93840277e-01]
 [1.00031868e-01 4.02843507e-05 8.99927855e-01]
 [9.99992251e-01 1.15524176e-06 6.58559384e-06]
 [9.99858022e-01 9.68021686e-06 1.32308152e-04]
 [9.65345681e-01 1.27244739e-05 3.46415602e-02]
 [1.54247737e-05 9.99743283e-01 2.41261048e-04]
 [1.02129638e-06 4.03467602e-05 9.99958634e-01]
 [3.44122644e-03 1.37920333e-02 9.82766747e-01]
 [9.90699846e-05 1.59925446e-01 8.39975476e-01]
 [4.01512716e-06 9.99813259e-01 1.82692194e-04]
 [1.35517062e-03 7.46849473e-05 9.98570085e-01]
 [9.60192442e-01 1.20020157e-03 3.86073068e-02]
 [1.34454435e-02 3.03723446e-05 9.86524105e-01]
 [3.07849837e-06 9.99925613e-01 7.13022237e-05]
 [9.99887586e-01 1.20109553e-06 1.11253990e-04]
 [1.63404141e-02 2.09740138e-05 9.83638644e-01]
 [2.51108740e-05 9.99877214e-01 9.76124647e-05]
 [1.25104401e-04 6.51120426e-05 9.99809802e-01]
 [8.43180751e-04 5.08780265e-03 9.94068980e-01]
 [6.76792208e-03 2.25130443e-05 9.93209541e-01]
 [1.94942822e-05 9.63688433e-01 3.62920724e-02]
 [8.68929148e-01 1.33422247e-04 1.30937472e-01]
 [2.27891753e-04 1.55081398e-05 9.99756634e-01]
 [1.01559799e-05 2.95930135e-04 9.99693990e-01]
 [1.61095464e-04 9.51664209e-01 4.81747054e-02]
 [3.52347153e-04 9.97652709e-01 1.99501426e-03]
 [2.12245807e-01 3.96932082e-05 7.87714481e-01]
 [1.65208022e-03 6.05319859e-03 9.92294788e-01]
 [1.63747929e-03 1.78879499e-01 8.19482982e-01]
 [9.99913692e-01 2.32799903e-06 8.40314970e-05]
 [1.15290153e-04 4.93088737e-02 9.50575769e-01]
 [9.45587903e-02 1.60559022e-04 9.05280590e-01]
 [9.98198092e-01 5.06325916e-04 1.29564316e-03]
 [8.50437023e-03 1.44012974e-05 9.91481185e-01]
 [9.93685663e-01 2.24174819e-05 6.29194360e-03]
 [9.41736682e-04 4.85070825e-01 5.13987482e-01]
 [3.61706875e-02 7.87306853e-05 9.63750541e-01]
 [2.13208274e-04 4.77541071e-05 9.99738991e-01]
 [3.96206463e-03 4.06042876e-04 9.95631933e-01]
 [5.60335247e-05 9.13337648e-01 8.66062939e-02]
 [2.35516309e-05 9.38662887e-01 6.13135658e-02]
 [4.01338888e-03 6.46703178e-04 9.95339870e-01]
 [9.99681115e-01 2.02043884e-05 2.98653467e-04]
 [8.80729858e-05 9.94784176e-01 5.12780575e-03]
 [9.99989867e-01 2.21125492e-06 7.90607100e-06]
 [8.90101437e-05 8.45711768e-01 1.54199257e-01]
 [2.29790487e-04 1.09018304e-03 9.98680055e-01]
 [5.46340704e-01 4.25743820e-05 4.53616738e-01]
 [9.99942422e-01 5.05523417e-07 5.71167147e-05]
 [7.47560896e-03 2.80360041e-06 9.92521584e-01]
 [2.75741494e-03 1.60790980e-02 9.81163442e-01]
 [9.99623060e-01 8.17156376e-07 3.76119482e-04]
 [1.49880798e-04 3.19893658e-01 6.79956496e-01]
 [9.99947309e-01 5.99855593e-06 4.66491510e-05]
 [9.99388192e-03 5.13742073e-03 9.84868646e-01]
 [9.99858260e-01 6.31094463e-06 1.35460388e-04]
 [2.04326410e-04 2.77625768e-05 9.99767959e-01]
 [8.67351703e-03 1.02060112e-04 9.91224349e-01]
 [1.27924501e-03 1.87365396e-04 9.98533368e-01]
 [8.94511777e-06 9.99418736e-01 5.72364428e-04]
 [4.42887103e-04 5.90065680e-02 9.40550566e-01]
 [6.77867234e-02 1.99059039e-04 9.32014227e-01]
 [6.09064999e-04 3.28638148e-03 9.96104598e-01]
 [2.83640511e-05 6.46878958e-01 3.53092670e-01]
 [1.16232235e-03 3.09126917e-04 9.98528481e-01]
 [1.42964511e-03 1.53014524e-04 9.98417377e-01]
 [1.40444798e-04 2.39464492e-01 7.60395050e-01]
 [5.46102819e-04 2.21130322e-03 9.97242570e-01]
 [1.88937578e-02 9.93244946e-02 8.81781697e-01]
 [9.99976635e-01 1.58013950e-06 2.18315508e-05]
 [7.82276988e-01 1.34275542e-05 2.17709631e-01]
 [2.17214064e-03 9.38804951e-05 9.97733951e-01]
 [9.99354899e-01 9.97594634e-06 6.35152857e-04]
 [6.85303530e-05 4.91875166e-04 9.99439538e-01]
 [2.69843429e-01 3.83507460e-04 7.29773104e-01]
 [3.38106453e-02 1.91398174e-01 7.74791241e-01]
 [2.85139540e-05 4.39941414e-06 9.99967098e-01]
 [1.30590913e-03 7.17988133e-01 2.80705959e-01]
 [7.33796514e-06 1.66472892e-04 9.99826252e-01]
 [9.76800438e-05 2.08311569e-04 9.99693990e-01]
 [7.43986070e-02 3.38314800e-04 9.25263047e-01]
 [2.76649416e-06 2.59299122e-04 9.99737918e-01]
 [2.47107018e-05 3.24004388e-04 9.99651313e-01]
 [1.12411904e-03 7.86393344e-01 2.12482572e-01]
 [7.72078991e-01 4.48819628e-04 2.27472186e-01]
 [1.70772139e-04 1.42657900e-05 9.99815047e-01]
 [1.75036088e-01 3.66560183e-04 8.24597299e-01]
 [6.58904843e-04 2.35529762e-04 9.99105513e-01]
 [9.99841213e-01 5.07747609e-06 1.53719855e-04]
 [9.96928990e-01 2.56873958e-04 2.81409989e-03]
 [4.32866955e-06 3.78986751e-03 9.96205807e-01]
 [5.40543697e-05 9.99536037e-01 4.09919914e-04]
 [1.11253627e-04 1.15120774e-02 9.88376677e-01]
 [1.08310552e-02 2.97018341e-05 9.89139259e-01]
 [3.25467881e-05 9.99643922e-01 3.23572487e-04]
 [5.69706082e-01 8.29587152e-05 4.30210978e-01]
 [5.47872577e-03 5.28300996e-04 9.93992984e-01]
 [9.36720899e-05 7.07044406e-03 9.92835820e-01]
 [9.99982953e-01 3.55579414e-06 1.34986349e-05]
 [2.70167453e-04 8.15577984e-01 1.84151784e-01]
 [9.98630941e-01 1.51203902e-04 1.21780485e-03]
 [9.97816205e-01 8.74078250e-06 2.17509642e-03]
 [9.32580605e-03 5.71243545e-05 9.90617096e-01]
 [9.99957561e-01 2.37641984e-06 4.00428180e-05]
 [1.36020230e-04 4.66285832e-02 9.53235447e-01]
 [8.80167663e-01 2.20920294e-04 1.19611360e-01]
 [1.48371837e-05 9.98118937e-01 1.86614762e-03]
 [3.36949670e-05 9.16934587e-05 9.99874592e-01]
 [6.16382482e-03 3.36684607e-05 9.93802428e-01]
 [6.91676105e-05 9.79910016e-01 2.00208127e-02]
 [9.07644499e-05 2.98044979e-05 9.99879360e-01]
 [1.89105311e-04 9.99770582e-01 4.03427111e-05]
 [2.38266017e-04 2.74393870e-03 9.97017860e-01]
 [6.46873261e-04 2.25525393e-04 9.99127567e-01]
 [6.03421940e-04 2.11638671e-05 9.99375403e-01]
 [2.04126845e-05 9.98610973e-01 1.36853743e-03]
 [2.64392025e-03 6.98231339e-01 2.99124748e-01]
 [9.99834180e-01 1.01108890e-05 1.55640548e-04]
 [2.21819828e-05 9.99317646e-01 6.60206599e-04]
 [1.20637961e-01 1.72659406e-04 8.79189372e-01]
 [2.67460555e-01 4.50428743e-05 7.32494414e-01]
 [4.89062309e-01 1.62278920e-05 5.10921478e-01]
 [7.46451815e-06 9.91544127e-01 8.44835956e-03]
 [9.95352983e-01 1.42418367e-05 4.63278685e-03]
 [9.99976635e-01 2.32411708e-06 2.10832604e-05]
 [1.53938017e-04 9.90976930e-01 8.86914320e-03]
 [1.71043992e-03 3.02596688e-01 6.95692897e-01]
 [9.98727620e-01 1.63106917e-04 1.10923487e-03]
 [9.99900937e-01 1.22912149e-06 9.78671087e-05]
 [5.05078875e-04 2.00818226e-01 7.98676670e-01]
 [1.41893936e-04 4.21494566e-04 9.99436557e-01]
 [9.99967933e-01 1.72056516e-05 1.48920399e-05]
 [9.98229563e-01 2.76812079e-05 1.74275541e-03]
 [9.82408822e-01 2.09119113e-04 1.73820946e-02]
 [4.47836792e-04 9.93279994e-01 6.27224054e-03]
 [1.18600577e-01 2.93180958e-04 8.81106257e-01]
 [3.65135889e-03 2.89987683e-01 7.06360996e-01]
 [1.35545305e-03 6.87135544e-05 9.98575807e-01]
 [3.09596275e-04 1.75322476e-03 9.97937202e-01]
 [9.99484539e-01 6.07583024e-06 5.09384030e-04]
 [9.99779999e-01 5.32467084e-06 2.14643922e-04]
 [2.18021614e-03 2.14142183e-05 9.97798383e-01]
 [8.72983690e-03 9.09010778e-05 9.91179287e-01]
 [1.65679849e-05 9.99385238e-01 5.98218001e-04]
 [3.91603426e-05 9.97556090e-01 2.40469491e-03]
 [5.57019957e-05 9.78532434e-01 2.14118529e-02]
 [1.00286243e-05 3.77611068e-05 9.99952197e-01]
 [6.42875457e-05 8.13703053e-03 9.91798639e-01]
 [2.76352621e-05 9.99421358e-01 5.51083940e-04]
 [5.64007360e-06 9.99912024e-01 8.23322844e-05]
 [7.37484992e-01 8.65051188e-05 2.62428492e-01]
 [3.12929333e-04 3.39946360e-04 9.99347150e-01]
 [9.99795258e-01 5.90743548e-06 1.98898240e-04]
 [5.87659955e-01 4.71824140e-04 4.11868215e-01]
 [1.48853404e-04 4.84537333e-03 9.95005786e-01]
 [9.99939203e-01 1.97926111e-05 4.09560162e-05]
 [4.67900420e-03 8.42990063e-04 9.94477987e-01]
 [4.36101332e-02 5.83626606e-05 9.56331491e-01]
 [9.99964714e-01 1.57190379e-06 3.36674893e-05]
 [1.61858194e-03 7.48297680e-05 9.98306632e-01]
 [6.20160764e-03 3.43374180e-04 9.93454993e-01]
 [9.99514699e-01 1.73703258e-04 3.11644486e-04]
 [7.00349046e-04 6.89647626e-04 9.98610020e-01]
 [1.57259681e-04 4.25726213e-02 9.57270145e-01]
 [8.86159111e-03 2.97596380e-05 9.91108656e-01]]",0.9524219919570258
Support Vector Machine,0.8133971291866029,0.8241294278338107,0.8133971291866029,0.8118474267103096,0.8220299898260031,0.11097585900006379,0.007997581000381615,"SVC(probability=True, random_state=42)","[2 2 2 1 0 2 2 2 0 1 0 2 2 1 1 2 1 0 2 2 1 1 0 2 0 2 2 0 2 2 1 2 2 2 2 2 1
 2 2 0 2 0 2 2 2 2 0 0 0 1 2 2 1 1 2 2 2 1 0 2 1 2 2 2 1 2 2 2 1 1 0 2 2 0
 2 2 0 2 2 2 2 2 2 1 2 2 0 1 0 1 2 2 0 2 2 0 2 0 2 0 2 2 2 1 2 2 2 2 2 2 2
 2 2 0 2 2 0 2 2 2 2 1 2 2 2 2 2 1 2 2 2 2 0 0 2 1 2 2 1 2 2 2 0 1 0 0 2 0
 2 0 2 2 2 2 2 1 2 2 2 1 2 0 1 2 0 0 1 0 0 1 2 0 0 2 2 0 0 0 1 2 2 2 2 0 0
 2 2 1 1 1 2 2 1 1 0 2 0 0 2 0 2 2 0 2 2 0 2 2 2]","[[1.08109761e-01 1.03942366e-03 8.90850815e-01]
 [4.74129399e-02 1.95584104e-03 9.50631219e-01]
 [8.98683493e-03 6.38364609e-02 9.27176704e-01]
 [4.91721863e-04 6.63308432e-01 3.36199846e-01]
 [9.19709324e-01 2.51187431e-04 8.00394885e-02]
 [5.85969061e-02 2.03791715e-02 9.21023922e-01]
 [4.96410859e-01 4.43318002e-04 5.03145823e-01]
 [3.82155535e-01 7.65749964e-04 6.17078715e-01]
 [6.78689896e-01 1.32057431e-03 3.19989529e-01]
 [8.40756643e-04 8.40399767e-01 1.58759476e-01]
 [7.70830013e-01 6.29538298e-04 2.28540448e-01]
 [1.29236558e-02 1.58927141e-02 9.71183630e-01]
 [9.92685161e-03 9.68007898e-02 8.93272359e-01]
 [6.12336990e-04 6.51564379e-01 3.47823284e-01]
 [3.38545432e-04 9.78978831e-01 2.06826231e-02]
 [4.37246371e-01 1.60384272e-04 5.62593245e-01]
 [1.85668673e-04 9.84599786e-01 1.52145452e-02]
 [9.31205421e-01 1.66940003e-04 6.86276390e-02]
 [1.90772389e-03 4.66365321e-01 5.31726955e-01]
 [3.21184715e-01 5.33897991e-04 6.78281387e-01]
 [3.24899158e-03 8.14347838e-01 1.82403170e-01]
 [3.41033443e-03 8.88584023e-01 1.08005642e-01]
 [7.60356409e-01 9.85085452e-04 2.38658506e-01]
 [4.30158716e-02 3.67447948e-02 9.20239334e-01]
 [9.04501652e-01 4.82291452e-04 9.50160565e-02]
 [1.16737712e-02 3.50153032e-01 6.38173197e-01]
 [1.53520712e-02 8.24586680e-02 9.02189261e-01]
 [8.34732946e-01 7.67618806e-04 1.64499435e-01]
 [2.76918720e-02 2.33837235e-01 7.38470893e-01]
 [4.59921751e-03 5.59282028e-03 9.89807962e-01]
 [3.35610595e-04 9.79074631e-01 2.05897585e-02]
 [1.17761762e-02 3.82330048e-01 6.05893776e-01]
 [3.70934567e-01 3.74471790e-04 6.28690961e-01]
 [2.15025891e-01 1.68816218e-03 7.83285946e-01]
 [2.41321333e-02 5.46888098e-01 4.28979768e-01]
 [1.26609586e-02 5.70488064e-02 9.30290235e-01]
 [5.13466833e-07 9.99215334e-01 7.84152913e-04]
 [1.25260873e-02 9.73296213e-02 8.90144291e-01]
 [3.91770995e-01 1.29180896e-02 5.95310916e-01]
 [9.34720901e-01 9.59403217e-06 6.52695048e-02]
 [5.74192628e-03 3.48770091e-01 6.45487983e-01]
 [9.90116590e-01 1.56845489e-04 9.72656426e-03]
 [5.88157886e-03 4.30974080e-01 5.63144341e-01]
 [1.83922771e-02 3.20162915e-02 9.49591431e-01]
 [2.19104053e-02 1.04844632e-02 9.67605132e-01]
 [1.03421655e-01 1.02146681e-03 8.95556878e-01]
 [9.95992464e-01 4.68100352e-05 3.96072576e-03]
 [9.69643820e-01 4.97252286e-04 2.98589272e-02]
 [8.18560799e-01 1.19074633e-03 1.80248455e-01]
 [1.26450585e-04 9.87356185e-01 1.25173648e-02]
 [4.55063622e-03 2.16015111e-02 9.73847853e-01]
 [4.29676081e-02 1.66667172e-01 7.90365220e-01]
 [5.17245726e-04 8.28641956e-01 1.70840798e-01]
 [4.06036332e-04 9.57823002e-01 4.17709621e-02]
 [2.82710049e-02 4.03488250e-02 9.31380170e-01]
 [2.75307769e-01 1.65502976e-02 7.08141933e-01]
 [2.49416909e-01 1.04596846e-02 7.40123406e-01]
 [7.26007573e-05 9.90480083e-01 9.44731584e-03]
 [9.99477775e-01 2.77889085e-07 5.21947477e-04]
 [2.41360356e-01 4.49864904e-03 7.54140995e-01]
 [5.58295276e-04 9.72736070e-01 2.67056346e-02]
 [1.44852393e-02 3.75159974e-03 9.81763161e-01]
 [2.12062816e-02 4.17839636e-02 9.37009755e-01]
 [6.86818522e-02 5.60989219e-03 9.25708256e-01]
 [1.52496421e-03 8.38525383e-01 1.59949653e-01]
 [3.54743276e-01 3.34449782e-03 6.41912226e-01]
 [2.20764571e-01 1.64086164e-03 7.77594568e-01]
 [5.28932787e-03 1.94175261e-01 8.00535412e-01]
 [2.31943600e-03 7.57737055e-01 2.39943509e-01]
 [1.96079075e-03 8.53509405e-01 1.44529805e-01]
 [6.27445110e-01 9.39571417e-04 3.71615319e-01]
 [4.44188285e-02 4.28423944e-01 5.27157227e-01]
 [2.40895341e-02 3.52585080e-01 6.23325386e-01]
 [9.93134892e-01 5.04422836e-05 6.81466559e-03]
 [6.98186339e-03 4.61458003e-01 5.31560133e-01]
 [1.67663912e-01 2.37719687e-03 8.29958891e-01]
 [9.79342339e-01 2.63253028e-04 2.03944084e-02]
 [5.05177639e-01 4.12975987e-03 4.90692601e-01]
 [4.45217173e-01 2.94193032e-03 5.51840897e-01]
 [1.02345039e-02 2.40089184e-01 7.49676313e-01]
 [1.46950746e-01 8.46401414e-03 8.44585240e-01]
 [2.91480273e-02 4.32782094e-03 9.66524152e-01]
 [2.05697051e-02 1.19121967e-02 9.67518098e-01]
 [7.86985663e-04 8.17335960e-01 1.81877055e-01]
 [6.31833428e-04 1.44493459e-01 8.54874707e-01]
 [9.89352201e-02 1.21217123e-01 7.79847657e-01]
 [9.99947403e-01 9.58263665e-08 5.25012295e-05]
 [5.89643310e-04 9.35725371e-01 6.36849855e-02]
 [9.97241877e-01 2.73009763e-05 2.73082229e-03]
 [4.68838020e-03 7.45119771e-01 2.50191848e-01]
 [5.35820064e-03 1.13066372e-01 8.81575427e-01]
 [1.81473737e-01 1.93671448e-03 8.16589549e-01]
 [9.80413029e-01 1.88100439e-04 1.93988710e-02]
 [1.26858153e-01 1.99833398e-03 8.71143513e-01]
 [1.50276957e-02 7.16011784e-02 9.13371126e-01]
 [9.53733028e-01 3.85675301e-05 4.62284043e-02]
 [2.18477391e-03 2.07347882e-01 7.90467344e-01]
 [9.68397899e-01 4.59579882e-04 3.11425208e-02]
 [8.88820167e-02 2.91671394e-02 8.81950844e-01]
 [6.89579787e-01 3.74151051e-03 3.06678703e-01]
 [2.47836145e-03 7.44581059e-03 9.90075828e-01]
 [8.03333184e-02 7.73536664e-03 9.11931315e-01]
 [4.36768498e-02 1.42864882e-02 9.42036662e-01]
 [2.16594895e-04 9.31865805e-01 6.79175996e-02]
 [1.93508922e-02 4.25181131e-01 5.55467977e-01]
 [1.76676443e-01 1.86616302e-01 6.36707255e-01]
 [2.80358921e-02 1.57066441e-01 8.14897667e-01]
 [2.99127054e-03 2.30433204e-01 7.66575526e-01]
 [2.16876042e-02 1.21574857e-02 9.66154910e-01]
 [5.19329700e-02 4.54436670e-02 9.02623363e-01]
 [4.05700391e-03 1.58101779e-01 8.37841217e-01]
 [2.18290968e-02 7.36967017e-02 9.04474202e-01]
 [1.17653697e-02 9.91651960e-02 8.89069434e-01]
 [9.99770039e-01 7.58516999e-07 2.29202113e-04]
 [4.96294508e-01 2.24919788e-04 5.03480572e-01]
 [5.81313838e-02 1.72802313e-02 9.24588385e-01]
 [8.74006455e-01 4.83902183e-03 1.21154523e-01]
 [2.17730847e-02 2.42248556e-02 9.54002060e-01]
 [3.15980970e-01 4.25929383e-03 6.79759736e-01]
 [2.77363083e-02 3.08376200e-01 6.63887492e-01]
 [7.59751577e-02 1.13703240e-03 9.22887810e-01]
 [2.73927484e-03 8.22478033e-01 1.74782692e-01]
 [4.69429197e-03 1.99608643e-01 7.95697065e-01]
 [2.46060793e-02 2.44578454e-03 9.72948136e-01]
 [4.90840176e-01 1.24669289e-03 5.07913131e-01]
 [1.05430067e-02 6.77532325e-02 9.21703761e-01]
 [1.14736659e-01 1.37932816e-02 8.71470059e-01]
 [2.80805821e-03 7.41374608e-01 2.55817334e-01]
 [2.38112277e-01 8.70093180e-04 7.61017630e-01]
 [1.37687560e-02 1.17008577e-02 9.74530386e-01]
 [4.47621271e-01 7.69949211e-04 5.51608780e-01]
 [1.42334254e-02 5.98242303e-03 9.79784152e-01]
 [8.03176641e-01 3.20374470e-03 1.93619614e-01]
 [8.95118734e-01 4.00311284e-04 1.04480954e-01]
 [2.64807139e-03 3.49396971e-02 9.62412231e-01]
 [4.59679292e-05 9.92460708e-01 7.49332409e-03]
 [3.65678283e-02 1.40854079e-01 8.22578092e-01]
 [1.89812196e-01 1.18940218e-03 8.08998402e-01]
 [5.91422891e-04 9.71897444e-01 2.75111329e-02]
 [7.01339031e-02 1.39088765e-01 7.90777332e-01]
 [1.33349427e-02 2.17560877e-02 9.64908970e-01]
 [9.12973592e-03 1.61459319e-01 8.29410946e-01]
 [9.97046607e-01 2.09562629e-05 2.93243639e-03]
 [1.36383142e-03 8.79011315e-01 1.19624854e-01]
 [8.90619549e-01 1.85461725e-04 1.09194989e-01]
 [7.67964597e-01 2.08135171e-03 2.29954051e-01]
 [1.25095699e-01 1.25347302e-03 8.73650828e-01]
 [9.79805881e-01 2.50594229e-04 1.99435248e-02]
 [1.37649795e-02 1.04792867e-01 8.81442154e-01]
 [8.34068557e-01 2.01420459e-04 1.65730022e-01]
 [1.71422201e-03 4.64126406e-01 5.34159372e-01]
 [4.85988002e-02 6.40394665e-02 8.87361733e-01]
 [1.87229068e-02 1.45394365e-03 9.79823150e-01]
 [7.81417910e-03 4.47295850e-01 5.44889970e-01]
 [3.57528520e-02 1.98451490e-01 7.65795658e-01]
 [2.26980047e-03 9.23027220e-01 7.47029795e-02]
 [1.23116544e-02 4.64402920e-02 9.41248054e-01]
 [2.03375649e-02 1.73915973e-02 9.62270838e-01]
 [4.54102758e-02 6.16422422e-03 9.48425500e-01]
 [4.04928832e-03 8.74620481e-01 1.21330231e-01]
 [1.11671158e-02 3.28375025e-01 6.60457859e-01]
 [9.51776469e-01 4.00110114e-04 4.78234207e-02]
 [5.00647842e-05 9.92120120e-01 7.82981487e-03]
 [2.68597284e-01 2.50806394e-03 7.28894652e-01]
 [8.35874559e-01 7.63571347e-04 1.63361870e-01]
 [7.04655190e-01 1.12628041e-03 2.94218530e-01]
 [1.68315224e-03 8.81043961e-01 1.17272887e-01]
 [7.83916611e-01 1.68262296e-03 2.14400766e-01]
 [9.97019585e-01 1.68449699e-05 2.96357010e-03]
 [6.89843569e-04 9.69492070e-01 2.98180865e-02]
 [4.71378457e-03 5.32949965e-01 4.62336250e-01]
 [9.53564637e-01 1.91488072e-04 4.62438746e-02]
 [9.30110377e-01 5.54973836e-05 6.98341258e-02]
 [1.21210381e-02 1.94402180e-01 7.93476782e-01]
 [9.38863847e-03 1.35428095e-01 8.55183266e-01]
 [9.75321889e-01 3.10357561e-04 2.43677535e-02]
 [6.21024108e-01 1.64338244e-03 3.77332509e-01]
 [7.59134213e-01 7.68184912e-04 2.40097602e-01]
 [4.29303607e-02 8.40751901e-01 1.16317738e-01]
 [1.61376385e-01 1.30604698e-02 8.25563145e-01]
 [3.96661754e-03 4.23230606e-01 5.72802777e-01]
 [3.81865705e-02 9.33898590e-03 9.52474444e-01]
 [1.11103475e-02 4.88343622e-02 9.40055290e-01]
 [9.02941681e-01 3.58490986e-04 9.66998277e-02]
 [9.97186272e-01 3.38503222e-05 2.77987742e-03]
 [2.55260526e-01 3.76347749e-03 7.40975997e-01]
 [1.97018045e-01 2.10024322e-03 8.00881712e-01]
 [1.23046137e-03 7.14384346e-01 2.84385193e-01]
 [1.23328257e-04 7.71442493e-01 2.28434179e-01]
 [2.66127043e-05 9.42859814e-01 5.71135730e-02]
 [2.55530385e-01 2.56486131e-02 7.18821002e-01]
 [8.22780488e-04 9.55151465e-02 9.03662073e-01]
 [9.52033061e-05 9.34090682e-01 6.58141142e-02]
 [2.94908015e-06 9.98111280e-01 1.88577071e-03]
 [8.42359296e-01 1.62562960e-04 1.57478141e-01]
 [1.38339846e-01 2.71989654e-02 8.34461189e-01]
 [9.69759876e-01 5.61099195e-04 2.96790251e-02]
 [8.84994760e-01 3.87515662e-03 1.11130083e-01]
 [4.80951752e-03 1.65256049e-01 8.29934434e-01]
 [9.88637698e-01 1.39543747e-04 1.12227585e-02]
 [4.14095980e-02 4.72016210e-02 9.11388781e-01]
 [4.10792700e-02 3.01846843e-03 9.55902262e-01]
 [9.78994764e-01 1.98598988e-04 2.08066372e-02]
 [2.90503970e-02 3.37623681e-03 9.67573366e-01]
 [8.94519499e-02 5.94489173e-03 9.04603158e-01]
 [9.95687876e-01 3.03156960e-05 4.28180802e-03]
 [7.72306321e-03 3.71242448e-02 9.55152692e-01]
 [3.85555008e-03 1.01704726e-01 8.94439724e-01]
 [4.41669954e-01 2.15010963e-03 5.56179937e-01]]",0.9304928802765418
Decision Tree,0.7655502392344498,0.7683647621728117,0.7655502392344498,0.7652795901599729,0.8066071047806276,0.007358178999311349,0.0003576809995138319,"DecisionTreeClassifier(max_depth=8, random_state=42)","[0 2 2 2 2 2 2 2 0 1 0 2 2 1 1 2 1 0 1 2 2 1 0 0 0 1 2 2 2 2 1 2 2 2 2 2 1
 2 0 0 1 0 2 2 2 2 0 0 2 1 2 2 2 1 2 2 0 1 0 2 1 2 2 2 1 0 2 2 2 1 2 2 2 0
 1 0 0 2 2 2 2 2 2 2 1 2 0 1 0 1 2 2 0 0 2 0 1 0 2 0 2 0 1 1 2 2 2 1 2 2 2
 2 1 0 2 2 0 2 2 2 2 1 2 2 2 2 2 2 0 2 2 2 0 0 1 1 2 2 1 0 2 2 0 2 0 0 2 0
 1 0 1 2 2 1 2 1 2 2 2 2 1 0 1 2 2 2 1 0 0 1 1 0 0 1 2 0 2 0 1 2 2 2 2 0 0
 2 2 1 1 1 1 2 1 1 2 2 0 0 2 0 2 2 0 2 2 0 2 2 2]","[[1.         0.         0.        ]
 [0.         0.         1.        ]
 [0.         0.         1.        ]
 [0.         0.         1.        ]
 [0.         0.         1.        ]
 [0.125      0.         0.875     ]
 [0.         0.         1.        ]
 [0.4        0.         0.6       ]
 [1.         0.         0.        ]
 [0.         1.         0.        ]
 [1.         0.         0.        ]
 [0.         0.         1.        ]
 [0.         0.         1.        ]
 [0.         1.         0.        ]
 [0.         1.         0.        ]
 [0.         0.         1.        ]
 [0.         1.         0.        ]
 [1.         0.         0.        ]
 [0.         1.         0.        ]
 [0.125      0.         0.875     ]
 [0.         0.08333333 0.91666667]
 [0.         1.         0.        ]
 [1.         0.         0.        ]
 [1.         0.         0.        ]
 [1.         0.         0.        ]
 [0.         0.66666667 0.33333333]
 [0.         0.         1.        ]
 [0.         0.         1.        ]
 [0.         0.08333333 0.91666667]
 [0.         0.         1.        ]
 [0.         1.         0.        ]
 [0.         0.         1.        ]
 [0.4        0.         0.6       ]
 [0.4        0.         0.6       ]
 [0.         0.         1.        ]
 [0.         0.         1.        ]
 [0.         1.         0.        ]
 [0.         0.         1.        ]
 [0.5        0.         0.5       ]
 [1.         0.         0.        ]
 [0.         1.         0.        ]
 [1.         0.         0.        ]
 [0.         0.         1.        ]
 [0.4        0.         0.6       ]
 [0.1        0.         0.9       ]
 [0.4        0.         0.6       ]
 [1.         0.         0.        ]
 [1.         0.         0.        ]
 [0.         0.         1.        ]
 [0.         1.         0.        ]
 [0.         0.         1.        ]
 [0.         0.         1.        ]
 [0.         0.11111111 0.88888889]
 [0.         1.         0.        ]
 [0.         0.         1.        ]
 [0.         0.         1.        ]
 [0.5        0.         0.5       ]
 [0.         1.         0.        ]
 [1.         0.         0.        ]
 [0.         0.         1.        ]
 [0.         1.         0.        ]
 [0.         0.         1.        ]
 [0.         0.         1.        ]
 [0.125      0.         0.875     ]
 [0.         0.85714286 0.14285714]
 [1.         0.         0.        ]
 [0.         0.         1.        ]
 [0.1        0.         0.9       ]
 [0.         0.         1.        ]
 [0.         1.         0.        ]
 [0.4        0.         0.6       ]
 [0.         0.         1.        ]
 [0.         0.         1.        ]
 [1.         0.         0.        ]
 [0.         0.66666667 0.33333333]
 [0.5        0.         0.5       ]
 [1.         0.         0.        ]
 [0.4        0.         0.6       ]
 [0.         0.         1.        ]
 [0.         0.11111111 0.88888889]
 [0.125      0.         0.875     ]
 [0.125      0.         0.875     ]
 [0.1        0.         0.9       ]
 [0.         0.11111111 0.88888889]
 [0.         1.         0.        ]
 [0.         0.         1.        ]
 [1.         0.         0.        ]
 [0.         1.         0.        ]
 [1.         0.         0.        ]
 [0.         1.         0.        ]
 [0.         0.         1.        ]
 [0.4        0.         0.6       ]
 [1.         0.         0.        ]
 [0.5        0.         0.5       ]
 [0.         0.         1.        ]
 [1.         0.         0.        ]
 [0.         0.66666667 0.33333333]
 [1.         0.         0.        ]
 [0.         0.         1.        ]
 [1.         0.         0.        ]
 [0.         0.         1.        ]
 [0.5        0.         0.5       ]
 [0.         1.         0.        ]
 [0.         1.         0.        ]
 [0.         0.         1.        ]
 [0.         0.         1.        ]
 [0.         0.         1.        ]
 [0.         1.         0.        ]
 [0.         0.         1.        ]
 [0.125      0.         0.875     ]
 [0.         0.11111111 0.88888889]
 [0.         0.         1.        ]
 [0.         1.         0.        ]
 [1.         0.         0.        ]
 [0.4        0.         0.6       ]
 [0.         0.         1.        ]
 [1.         0.         0.        ]
 [0.         0.         1.        ]
 [0.         0.         1.        ]
 [0.         0.         1.        ]
 [0.         0.         1.        ]
 [0.         1.         0.        ]
 [0.         0.         1.        ]
 [0.         0.         1.        ]
 [0.4        0.         0.6       ]
 [0.         0.         1.        ]
 [0.         0.         1.        ]
 [0.         0.         1.        ]
 [1.         0.         0.        ]
 [0.1        0.         0.9       ]
 [0.         0.         1.        ]
 [0.         0.         1.        ]
 [1.         0.         0.        ]
 [1.         0.         0.        ]
 [0.         1.         0.        ]
 [0.         1.         0.        ]
 [0.         0.         1.        ]
 [0.         0.         1.        ]
 [0.         1.         0.        ]
 [0.5        0.         0.5       ]
 [0.         0.         1.        ]
 [0.         0.         1.        ]
 [1.         0.         0.        ]
 [0.         0.11111111 0.88888889]
 [1.         0.         0.        ]
 [1.         0.         0.        ]
 [0.4        0.         0.6       ]
 [1.         0.         0.        ]
 [0.         1.         0.        ]
 [1.         0.         0.        ]
 [0.         1.         0.        ]
 [0.         0.         1.        ]
 [0.125      0.         0.875     ]
 [0.         0.85714286 0.14285714]
 [0.         0.         1.        ]
 [0.         1.         0.        ]
 [0.         0.         1.        ]
 [0.         0.         1.        ]
 [0.         0.         1.        ]
 [0.         0.25       0.75      ]
 [0.         1.         0.        ]
 [1.         0.         0.        ]
 [0.         1.         0.        ]
 [0.         0.         1.        ]
 [0.4        0.         0.6       ]
 [0.4        0.         0.6       ]
 [0.         1.         0.        ]
 [1.         0.         0.        ]
 [1.         0.         0.        ]
 [0.         1.         0.        ]
 [0.         1.         0.        ]
 [1.         0.         0.        ]
 [1.         0.         0.        ]
 [0.         1.         0.        ]
 [0.         0.         1.        ]
 [1.         0.         0.        ]
 [0.         0.         1.        ]
 [1.         0.         0.        ]
 [0.         1.         0.        ]
 [0.4        0.         0.6       ]
 [0.         0.         1.        ]
 [0.         0.         1.        ]
 [0.         0.         1.        ]
 [1.         0.         0.        ]
 [1.         0.         0.        ]
 [0.         0.         1.        ]
 [0.         0.         1.        ]
 [0.         1.         0.        ]
 [0.         1.         0.        ]
 [0.         1.         0.        ]
 [0.         1.         0.        ]
 [0.         0.25       0.75      ]
 [0.         1.         0.        ]
 [0.         1.         0.        ]
 [0.4        0.         0.6       ]
 [0.1        0.         0.9       ]
 [1.         0.         0.        ]
 [1.         0.         0.        ]
 [0.         0.         1.        ]
 [1.         0.         0.        ]
 [0.         0.         1.        ]
 [0.         0.         1.        ]
 [1.         0.         0.        ]
 [0.         0.         1.        ]
 [0.         0.         1.        ]
 [1.         0.         0.        ]
 [0.         0.         1.        ]
 [0.         0.         1.        ]
 [0.         0.         1.        ]]",0.8463717715929534
Extra Trees,0.7655502392344498,0.780720299692148,0.7655502392344498,0.7613070767503317,0.785028203981539,0.2260453700000653,0.04510912800014921,"ExtraTreesClassifier(class_weight='balanced_subsample', n_estimators=200,
                     n_jobs=-1, random_state=42)","[2 2 2 1 0 2 2 2 0 2 0 2 2 2 1 2 1 0 1 2 1 1 0 2 0 2 2 0 2 2 1 2 2 2 1 2 1
 2 2 0 2 0 1 2 2 2 0 0 0 1 2 2 1 1 2 2 2 1 0 2 1 2 2 2 1 2 2 2 1 1 0 2 2 0
 2 2 0 0 2 2 2 2 2 1 2 2 0 1 0 2 2 2 0 2 2 0 2 0 2 2 2 2 2 1 1 2 2 2 2 2 2
 2 2 0 0 2 2 2 2 2 2 1 2 2 2 2 2 2 2 2 2 2 0 0 2 2 2 2 1 2 2 2 0 1 0 0 2 0
 2 0 2 2 2 2 2 1 2 2 2 1 2 0 1 2 0 0 2 0 0 1 2 0 0 2 2 0 2 0 2 2 2 2 2 0 0
 2 2 1 2 2 2 2 1 1 0 2 0 0 2 0 2 2 0 2 2 0 2 2 2]","[[0.08  0.02  0.9  ]
 [0.195 0.025 0.78 ]
 [0.055 0.43  0.515]
 [0.01  0.63  0.36 ]
 [0.605 0.125 0.27 ]
 [0.25  0.28  0.47 ]
 [0.345 0.04  0.615]
 [0.335 0.015 0.65 ]
 [0.465 0.12  0.415]
 [0.09  0.26  0.65 ]
 [0.625 0.015 0.36 ]
 [0.2   0.13  0.67 ]
 [0.105 0.175 0.72 ]
 [0.02  0.385 0.595]
 [0.01  0.635 0.355]
 [0.25  0.03  0.72 ]
 [0.04  0.625 0.335]
 [0.635 0.07  0.295]
 [0.06  0.495 0.445]
 [0.28  0.005 0.715]
 [0.01  0.685 0.305]
 [0.04  0.53  0.43 ]
 [0.7   0.05  0.25 ]
 [0.08  0.17  0.75 ]
 [0.515 0.035 0.45 ]
 [0.08  0.44  0.48 ]
 [0.07  0.2   0.73 ]
 [0.535 0.11  0.355]
 [0.165 0.26  0.575]
 [0.1   0.04  0.86 ]
 [0.025 0.745 0.23 ]
 [0.17  0.31  0.52 ]
 [0.4   0.    0.6  ]
 [0.135 0.06  0.805]
 [0.05  0.52  0.43 ]
 [0.055 0.11  0.835]
 [0.005 0.705 0.29 ]
 [0.07  0.185 0.745]
 [0.32  0.075 0.605]
 [0.63  0.02  0.35 ]
 [0.055 0.29  0.655]
 [0.675 0.145 0.18 ]
 [0.025 0.52  0.455]
 [0.17  0.285 0.545]
 [0.285 0.105 0.61 ]
 [0.355 0.05  0.595]
 [0.79  0.06  0.15 ]
 [0.67  0.035 0.295]
 [0.56  0.03  0.41 ]
 [0.06  0.59  0.35 ]
 [0.135 0.135 0.73 ]
 [0.145 0.22  0.635]
 [0.05  0.53  0.42 ]
 [0.02  0.71  0.27 ]
 [0.08  0.18  0.74 ]
 [0.385 0.09  0.525]
 [0.21  0.035 0.755]
 [0.04  0.805 0.155]
 [0.865 0.005 0.13 ]
 [0.32  0.1   0.58 ]
 [0.09  0.54  0.37 ]
 [0.3   0.04  0.66 ]
 [0.07  0.17  0.76 ]
 [0.16  0.02  0.82 ]
 [0.    0.895 0.105]
 [0.44  0.025 0.535]
 [0.42  0.065 0.515]
 [0.075 0.285 0.64 ]
 [0.025 0.655 0.32 ]
 [0.055 0.575 0.37 ]
 [0.525 0.015 0.46 ]
 [0.18  0.24  0.58 ]
 [0.21  0.26  0.53 ]
 [0.85  0.    0.15 ]
 [0.04  0.36  0.6  ]
 [0.435 0.01  0.555]
 [0.695 0.07  0.235]
 [0.6   0.025 0.375]
 [0.34  0.095 0.565]
 [0.135 0.365 0.5  ]
 [0.155 0.195 0.65 ]
 [0.305 0.09  0.605]
 [0.135 0.17  0.695]
 [0.02  0.615 0.365]
 [0.03  0.18  0.79 ]
 [0.32  0.065 0.615]
 [0.815 0.015 0.17 ]
 [0.02  0.835 0.145]
 [0.725 0.065 0.21 ]
 [0.07  0.42  0.51 ]
 [0.11  0.315 0.575]
 [0.25  0.06  0.69 ]
 [0.68  0.03  0.29 ]
 [0.28  0.02  0.7  ]
 [0.195 0.115 0.69 ]
 [0.77  0.01  0.22 ]
 [0.065 0.315 0.62 ]
 [0.695 0.005 0.3  ]
 [0.295 0.095 0.61 ]
 [0.38  0.045 0.575]
 [0.04  0.045 0.915]
 [0.2   0.125 0.675]
 [0.26  0.06  0.68 ]
 [0.095 0.52  0.385]
 [0.04  0.54  0.42 ]
 [0.2   0.205 0.595]
 [0.14  0.16  0.7  ]
 [0.005 0.16  0.835]
 [0.145 0.045 0.81 ]
 [0.215 0.16  0.625]
 [0.12  0.2   0.68 ]
 [0.075 0.125 0.8  ]
 [0.16  0.225 0.615]
 [0.71  0.04  0.25 ]
 [0.515 0.02  0.465]
 [0.2   0.19  0.61 ]
 [0.43  0.09  0.48 ]
 [0.23  0.155 0.615]
 [0.45  0.035 0.515]
 [0.04  0.135 0.825]
 [0.325 0.04  0.635]
 [0.065 0.54  0.395]
 [0.085 0.355 0.56 ]
 [0.13  0.01  0.86 ]
 [0.19  0.05  0.76 ]
 [0.16  0.18  0.66 ]
 [0.265 0.12  0.615]
 [0.085 0.34  0.575]
 [0.15  0.    0.85 ]
 [0.15  0.105 0.745]
 [0.42  0.085 0.495]
 [0.23  0.025 0.745]
 [0.515 0.075 0.41 ]
 [0.685 0.045 0.27 ]
 [0.17  0.22  0.61 ]
 [0.015 0.465 0.52 ]
 [0.135 0.345 0.52 ]
 [0.175 0.06  0.765]
 [0.055 0.535 0.41 ]
 [0.16  0.305 0.535]
 [0.065 0.125 0.81 ]
 [0.145 0.175 0.68 ]
 [0.795 0.01  0.195]
 [0.055 0.525 0.42 ]
 [0.585 0.175 0.24 ]
 [0.785 0.02  0.195]
 [0.275 0.1   0.625]
 [0.73  0.045 0.225]
 [0.035 0.345 0.62 ]
 [0.545 0.02  0.435]
 [0.08  0.355 0.565]
 [0.16  0.245 0.595]
 [0.115 0.    0.885]
 [0.11  0.29  0.6  ]
 [0.12  0.065 0.815]
 [0.01  0.545 0.445]
 [0.06  0.4   0.54 ]
 [0.255 0.23  0.515]
 [0.315 0.07  0.615]
 [0.095 0.63  0.275]
 [0.07  0.32  0.61 ]
 [0.87  0.015 0.115]
 [0.035 0.71  0.255]
 [0.165 0.03  0.805]
 [0.555 0.015 0.43 ]
 [0.525 0.025 0.45 ]
 [0.085 0.41  0.505]
 [0.54  0.07  0.39 ]
 [0.76  0.005 0.235]
 [0.04  0.53  0.43 ]
 [0.1   0.315 0.585]
 [0.755 0.015 0.23 ]
 [0.595 0.025 0.38 ]
 [0.03  0.335 0.635]
 [0.03  0.375 0.595]
 [0.825 0.03  0.145]
 [0.4   0.055 0.545]
 [0.62  0.02  0.36 ]
 [0.205 0.38  0.415]
 [0.36  0.105 0.535]
 [0.11  0.23  0.66 ]
 [0.19  0.125 0.685]
 [0.02  0.145 0.835]
 [0.725 0.005 0.27 ]
 [0.84  0.    0.16 ]
 [0.29  0.01  0.7  ]
 [0.25  0.01  0.74 ]
 [0.03  0.495 0.475]
 [0.05  0.395 0.555]
 [0.025 0.4   0.575]
 [0.15  0.135 0.715]
 [0.055 0.155 0.79 ]
 [0.07  0.565 0.365]
 [0.08  0.665 0.255]
 [0.575 0.035 0.39 ]
 [0.325 0.075 0.6  ]
 [0.665 0.055 0.28 ]
 [0.63  0.07  0.3  ]
 [0.05  0.315 0.635]
 [0.71  0.12  0.17 ]
 [0.205 0.075 0.72 ]
 [0.255 0.025 0.72 ]
 [0.815 0.01  0.175]
 [0.08  0.155 0.765]
 [0.325 0.015 0.66 ]
 [0.645 0.17  0.185]
 [0.07  0.225 0.705]
 [0.04  0.215 0.745]
 [0.43  0.08  0.49 ]]",0.8936284240998481
